{
  "Author": "dapc",
  "Name": "Raid Buff Tracker",
  "InternalName": "RaidBuffTracker",
  "AssemblyVersion": "0.0.0.1",
  "Description": "These will be logged in your chat when they are used on your character.",
  "ApplicableVersion": "any",
  "RepoUrl": "https://github.com/owu4346/RaidBuffTracker",
  "Tags": [
    "mit",
    "rescue",
    "combat",
    "log"
  ],
  "CategoryTags": [
    "utility",
    "other"
  ],
  "DalamudApiLevel": 10,
  "LoadRequiredState": 0,
  "LoadSync": false,
  "CanUnloadAsync": false,
  "LoadPriority": 0,
  "Punchline": "Actively logs Raid Buffs and Mitigation",
  "AcceptsFeedback": true
}